OSM-Key,Name,Stadt,Adresse,PLZ,Breitengrad,Laengengrad,Radius_m,Quelle,Status
osm-way-50807370,360°,Braunschweig,Katharinenstraße 1,38106,52.27464175,10.5265676151,6.7,https://www.openstreetmap.org/way/50807370,CIRCLE_INSIDE_OSM_BUILDING_NOT_GPS_GUARANTEE
osm-way-25653766,Altes Brauhaus zu Fallersleben,Wolfsburg,Am Alten Brauhaus 9,38442,52.4167066,10.71716185,4.9,https://www.openstreetmap.org/way/25653766,CIRCLE_INSIDE_OSM_BUILDING_NOT_GPS_GUARANTEE
osm-way-163257037,Bürger-Jäger-Heim,Peine,Beethovenstraße 6,31224,52.319720228,10.232852272799999,9.7,https://www.openstreetmap.org/way/163257037,CIRCLE_INSIDE_OSM_BUILDING_NOT_GPS_GUARANTEE
osm-way-191076903,Alte Hahnenburg,Hannover,Bemeroder Straße 63,30559,52.350501893499995,9.8057838686,2.9,https://www.openstreetmap.org/way/191076903,CIRCLE_INSIDE_OSM_BUILDING_NOT_GPS_GUARANTEE
osm-way-29216896,Hildesheimer Aussichtsturm,Hildesheim,Turmweg 1,31139,52.1045925009,9.8941952143,4.0,https://www.openstreetmap.org/way/29216896,CIRCLE_INSIDE_OSM_BUILDING_NOT_GPS_GUARANTEE
osm-way-201800555,Asia Star,Salzgitter,Konrad-Adenauer-Straße 31,38226,52.15301625,10.335256484999999,4.8,https://www.openstreetmap.org/way/201800555,CIRCLE_INSIDE_OSM_BUILDING_NOT_GPS_GUARANTEE
osm-way-395796835,Filmpalast,Wolfenbüttel,Lange Straße 5,38300,52.1614652425,10.5403881864,8.0,https://www.openstreetmap.org/way/395796835,CIRCLE_INSIDE_OSM_BUILDING_NOT_GPS_GUARANTEE
osm-way-244605287,Asialand,Celle,Neues Land 1,29227,52.59831495775,10.0598832443,2.0,https://www.openstreetmap.org/way/244605287,CIRCLE_INSIDE_OSM_BUILDING_NOT_GPS_GUARANTEE
osm-way-821115922,Asia Gourmet,Goslar,Bornhardtstraße 3-5,38644,51.9244974088,10.416667922999999,9.5,https://www.openstreetmap.org/way/821115922,CIRCLE_INSIDE_OSM_BUILDING_NOT_GPS_GUARANTEE
osm-way-163790286,Brunnentheater,Helmstedt,Brunnenweg 7,38350,52.2366144968,11.063382289249999,10.2,https://www.openstreetmap.org/way/163790286,CIRCLE_INSIDE_OSM_BUILDING_NOT_GPS_GUARANTEE
osm-way-212231682,Brasserie Paula's,Gifhorn,Steinweg 21-25,38518,52.486604967000005,10.5477754624,3.6,https://www.openstreetmap.org/way/212231682,CIRCLE_INSIDE_OSM_BUILDING_NOT_GPS_GUARANTEE
osm-way-115577388,Kärntner Stub'n,Königslutter am Elm,Fallersleber Straße 23,38154,52.260999651199995,10.8182633911,4.0,https://www.openstreetmap.org/way/115577388,CIRCLE_INSIDE_OSM_BUILDING_NOT_GPS_GUARANTEE
osm-way-183762990,Antikriegshaus Sievershausen,Lehrte,Kirchweg 4,31275,52.3742808975,10.129721997499999,3.8,https://www.openstreetmap.org/way/183762990,CIRCLE_INSIDE_OSM_BUILDING_NOT_GPS_GUARANTEE
osm-way-30712431,Astor Filmtheater,Braunschweig,Lange Straße 60,38100,52.26701376519999,10.5177313976,21.3,https://www.openstreetmap.org/way/30712431,CIRCLE_INSIDE_OSM_BUILDING_NOT_GPS_GUARANTEE
osm-way-407743729,Bao Bao,Wolfsburg,Franz-Marc-Straße 4,38448,52.4556824622,10.793413235100001,15.4,https://www.openstreetmap.org/way/407743729,CIRCLE_INSIDE_OSM_BUILDING_NOT_GPS_GUARANTEE
osm-way-332261116,Gasthaus Zum Sundern,Peine,Sundern 1,31228,52.3416427436,10.217123743999998,3.3,https://www.openstreetmap.org/way/332261116,CIRCLE_INSIDE_OSM_BUILDING_NOT_GPS_GUARANTEE
osm-way-100605700,Alte Ricklinger Bierquelle,Hannover,Beekestraße 71,30459,52.34244095,9.728787422499998,4.6,https://www.openstreetmap.org/way/100605700,CIRCLE_INSIDE_OSM_BUILDING_NOT_GPS_GUARANTEE
osm-way-206188029,LewensLust,Hildesheim,Galgenberg 2,31141,52.14166745039999,9.97627758955,8.2,https://www.openstreetmap.org/way/206188029,CIRCLE_INSIDE_OSM_BUILDING_NOT_GPS_GUARANTEE
osm-way-1527458965,"Café Engelke, Hildesheimer Stadtbäckerei",Salzgitter,Peiner Straße 246,38229,52.1719866372,10.3512979261,3.4,https://www.openstreetmap.org/way/1527458965,CIRCLE_INSIDE_OSM_BUILDING_NOT_GPS_GUARANTEE
osm-way-1255285909,Gaststätte Weiße Schanze,Wolfenbüttel,Ernst-Moritz-Arndt-Straße 128a,38304,52.15603415365,10.51237995545,2.4,https://www.openstreetmap.org/way/1255285909,CIRCLE_INSIDE_OSM_BUILDING_NOT_GPS_GUARANTEE
osm-way-67013017,Café Müller,Celle,Südwall 33,29221,52.6213898523,10.079952288,3.7,https://www.openstreetmap.org/way/67013017,CIRCLE_INSIDE_OSM_BUILDING_NOT_GPS_GUARANTEE
osm-way-187200279,BLACKCOMS's Erika,Goslar,Parkstraße 12,38644,51.8585820656,10.339510423899998,2.2,https://www.openstreetmap.org/way/187200279,CIRCLE_INSIDE_OSM_BUILDING_NOT_GPS_GUARANTEE
osm-way-29094777,Juleum,Helmstedt,Collegienplatz 1,38350,52.229307772,11.008566174999999,6.0,https://www.openstreetmap.org/way/29094777,CIRCLE_INSIDE_OSM_BUILDING_NOT_GPS_GUARANTEE
osm-way-263679367,Gasthaus Schaper,Gifhorn,Hamburger Straße 29,38518,52.509857787,10.54014645955,5.3,https://www.openstreetmap.org/way/263679367,CIRCLE_INSIDE_OSM_BUILDING_NOT_GPS_GUARANTEE
osm-way-253260860,Pinusa,Königslutter am Elm,Am Pastorenkamp 10,38154,52.2539454111,10.818558265,3.4,https://www.openstreetmap.org/way/253260860,CIRCLE_INSIDE_OSM_BUILDING_NOT_GPS_GUARANTEE
osm-way-229221777,Landgasthaus Scheuer's Hof,Lehrte,Lehrter Straße 4,31275,52.39519,10.059113299200002,9.1,https://www.openstreetmap.org/way/229221777,CIRCLE_INSIDE_OSM_BUILDING_NOT_GPS_GUARANTEE
osm-way-75616650,Bücherei,Braunschweig,Saarstraße 125,38116,52.274577915799995,10.483009553599999,2.1,https://www.openstreetmap.org/way/75616650,CIRCLE_INSIDE_OSM_BUILDING_NOT_GPS_GUARANTEE
osm-way-121987596,Hageberg-Krug,Wolfsburg,Grauhorststraße 12,38440,52.4233744,10.75349825,2.5,https://www.openstreetmap.org/way/121987596,CIRCLE_INSIDE_OSM_BUILDING_NOT_GPS_GUARANTEE
osm-way-166095046,Hotel und Gaststätte Löns Krug Geffers,Peine,Braunschweiger Straße 72,31226,52.3151870043,10.238889828,4.6,https://www.openstreetmap.org/way/166095046,CIRCLE_INSIDE_OSM_BUILDING_NOT_GPS_GUARANTEE
osm-way-553716690,Bavarium,Hannover,Windmühlenstraße 6,30159,52.371954672550004,9.73955630725,4.3,https://www.openstreetmap.org/way/553716690,CIRCLE_INSIDE_OSM_BUILDING_NOT_GPS_GUARANTEE
osm-way-37995592,TfN - Theater für Niedersachsen,Hildesheim,Theaterstraße 6,31141,52.1523124045,9.95801415795,13.1,https://www.openstreetmap.org/way/37995592,CIRCLE_INSIDE_OSM_BUILDING_NOT_GPS_GUARANTEE
osm-way-260346158,Café del Lago,Salzgitter,Westfalenstraße 61,38226,52.16539675,10.3074476,8.6,https://www.openstreetmap.org/way/260346158,CIRCLE_INSIDE_OSM_BUILDING_NOT_GPS_GUARANTEE
osm-way-393342491,Hotel Bayrischer Hof,Wolfenbüttel,Brauergildenstraße 5,38300,52.162658769500005,10.538549777250001,3.8,https://www.openstreetmap.org/way/393342491,CIRCLE_INSIDE_OSM_BUILDING_NOT_GPS_GUARANTEE
osm-way-94419050,Das Esszimmer,Celle,Hostmannstraße 37,29221,52.616583467750004,10.08960068915,3.0,https://www.openstreetmap.org/way/94419050,CIRCLE_INSIDE_OSM_BUILDING_NOT_GPS_GUARANTEE
osm-way-1191299476,Bäcker Wolf,Goslar,Im Fliegerhorst 5,38642,51.931511799999996,10.4282037234,5.2,https://www.openstreetmap.org/way/1191299476,CIRCLE_INSIDE_OSM_BUILDING_NOT_GPS_GUARANTEE
osm-way-30372073,King Döner Imbiss Pizzeria,Helmstedt,Gustav-Steinbrecher-Straße 1,38350,52.22700057189999,11.0036154191,2.7,https://www.openstreetmap.org/way/30372073,CIRCLE_INSIDE_OSM_BUILDING_NOT_GPS_GUARANTEE
osm-way-262746439,Mr. Lee,Gifhorn,Hamburger Straße 68,38518,52.5041672797,10.54057201555,7.3,https://www.openstreetmap.org/way/262746439,CIRCLE_INSIDE_OSM_BUILDING_NOT_GPS_GUARANTEE
osm-way-524758427,Gemeindekrug,Königslutter am Elm,Im Kirchwinkel 1,38154,52.297308134400005,10.7899624626,3.4,https://www.openstreetmap.org/way/524758427,CIRCLE_INSIDE_OSM_BUILDING_NOT_GPS_GUARANTEE
osm-way-146059492,Da Rocco,Braunschweig,Riddagshäuser Weg 3,38104,52.26315285,10.570173,3.2,https://www.openstreetmap.org/way/146059492,CIRCLE_INSIDE_OSM_BUILDING_NOT_GPS_GUARANTEE
osm-way-47006761,Metropol,Wolfsburg,Bahnhofstraße 33,38442,52.421435593300004,10.7162874195,3.5,https://www.openstreetmap.org/way/47006761,CIRCLE_INSIDE_OSM_BUILDING_NOT_GPS_GUARANTEE
osm-way-332140324,Restaurant Peking,Peine,Lessingstraße 5,31224,52.3264304196,10.233740106399999,4.8,https://www.openstreetmap.org/way/332140324,CIRCLE_INSIDE_OSM_BUILDING_NOT_GPS_GUARANTEE
osm-way-20169019,"Bibliothek der Hochschule Hannover, Zentralbibliothek",Hannover,Ricklinger Stadtweg 118,30459,52.35368941230001,9.72273625,15.9,https://www.openstreetmap.org/way/20169019,CIRCLE_INSIDE_OSM_BUILDING_NOT_GPS_GUARANTEE
osm-way-121503105,Zur Scharfen Ecke,Hildesheim,Itzumer Hauptstraße 1,31141,52.1171063754,9.98323067875,6.8,https://www.openstreetmap.org/way/121503105,CIRCLE_INSIDE_OSM_BUILDING_NOT_GPS_GUARANTEE
osm-way-202036882,Flora-Klause,Salzgitter,Swindonstraße 98a,38226,52.1455447744,10.34051565345,7.3,https://www.openstreetmap.org/way/202036882,CIRCLE_INSIDE_OSM_BUILDING_NOT_GPS_GUARANTEE
osm-way-126413576,Bürger Museum Wolfenbüttel,Wolfenbüttel,Prof.-Paul-Raabe-Platz 1,38304,52.16380674945,10.5314351868,5.9,https://www.openstreetmap.org/way/126413576,CIRCLE_INSIDE_OSM_BUILDING_NOT_GPS_GUARANTEE
osm-way-209534362,Erkan's Grillhouse,Celle,Am Reiherpfahl 1,29223,52.6393249398,10.1095591937,2.7,https://www.openstreetmap.org/way/209534362,CIRCLE_INSIDE_OSM_BUILDING_NOT_GPS_GUARANTEE
osm-way-304822784,Jakob Restaurant & Café,Goslar,Jakobikirchhof 7,38640,51.907813087499996,10.4269988885,2.5,https://www.openstreetmap.org/way/304822784,CIRCLE_INSIDE_OSM_BUILDING_NOT_GPS_GUARANTEE
osm-way-29201024,Zonengrenzmuseum,Helmstedt,Südertor 1,38350,52.224702928199996,11.010712676,4.2,https://www.openstreetmap.org/way/29201024,CIRCLE_INSIDE_OSM_BUILDING_NOT_GPS_GUARANTEE
osm-way-321495161,Ristorante La Fontana,Gifhorn,Celler Straße 28,38518,52.486453164450005,10.536483095100001,3.8,https://www.openstreetmap.org/way/321495161,CIRCLE_INSIDE_OSM_BUILDING_NOT_GPS_GUARANTEE
osm-way-240731003,Parthenon,Königslutter am Elm,Berliner Straße 21,38154,52.23841048999999,10.83418747495,3.0,https://www.openstreetmap.org/way/240731003,CIRCLE_INSIDE_OSM_BUILDING_NOT_GPS_GUARANTEE
osm-way-123536835,Dalmacija Am Kanal,Braunschweig,Am Kanal 4,38110,52.332967403800005,10.5106890105,3.0,https://www.openstreetmap.org/way/123536835,CIRCLE_INSIDE_OSM_BUILDING_NOT_GPS_GUARANTEE
osm-way-180360665,OCCHIPINTI,Wolfsburg,Ehmer Straße 17,38442,52.407863505499996,10.705969334750002,6.2,https://www.openstreetmap.org/way/180360665,CIRCLE_INSIDE_OSM_BUILDING_NOT_GPS_GUARANTEE
osm-way-321097290,Stadttheater Peiner Festsäle,Peine,Friedrich-Ebert-Platz 12,31226,52.316489757599996,10.2328452138,13.3,https://www.openstreetmap.org/way/321097290,CIRCLE_INSIDE_OSM_BUILDING_NOT_GPS_GUARANTEE
osm-way-127045676,Cafe Extrablatt,Hannover,Königsworther Straße 2,30167,52.37756637,9.7225191438,4.5,https://www.openstreetmap.org/way/127045676,CIRCLE_INSIDE_OSM_BUILDING_NOT_GPS_GUARANTEE
osm-way-149988986,Kammerkrug,Salzgitter,Seesener Straße 21,38239,52.1448937934,10.4458242508,4.4,https://www.openstreetmap.org/way/149988986,CIRCLE_INSIDE_OSM_BUILDING_NOT_GPS_GUARANTEE
osm-way-92917415,E Cafeteria,Wolfenbüttel,Salzdahlumer Straße 46/48,38302,52.1759108946,10.5488643884,6.8,https://www.openstreetmap.org/way/92917415,CIRCLE_INSIDE_OSM_BUILDING_NOT_GPS_GUARANTEE
osm-way-463634508,Garnison-Museum,Celle,Hafenstraße 4,29221,52.626732642949996,10.0766997884,2.0,https://www.openstreetmap.org/way/463634508,CIRCLE_INSIDE_OSM_BUILDING_NOT_GPS_GUARANTEE
osm-way-181439586,Klosterkrug Wöltingerode,Goslar,Wöltingerode 30,38690,51.95780790135,10.539867254249998,3.7,https://www.openstreetmap.org/way/181439586,CIRCLE_INSIDE_OSM_BUILDING_NOT_GPS_GUARANTEE
osm-way-653585712,Schlossrestaurant Zentgraf,Gifhorn,Schloßplatz 1,38518,52.489556119,10.5481526446,3.3,https://www.openstreetmap.org/way/653585712,CIRCLE_INSIDE_OSM_BUILDING_NOT_GPS_GUARANTEE
osm-way-138957597,Friedrichshöhe,Braunschweig,Friedrichshöhe 1,38124,52.2013660226,10.492918675200002,2.9,https://www.openstreetmap.org/way/138957597,CIRCLE_INSIDE_OSM_BUILDING_NOT_GPS_GUARANTEE
osm-way-25858961,Scharoun-Theater Wolfsburg,Wolfsburg,Klieverhagen 50,38440,52.4161028868,10.780161880000001,18.1,https://www.openstreetmap.org/way/25858961,CIRCLE_INSIDE_OSM_BUILDING_NOT_GPS_GUARANTEE
osm-way-529607062,Cyrano,Peine,Kantstraße 12,31224,52.3227900063,10.23343311,3.6,https://www.openstreetmap.org/way/529607062,CIRCLE_INSIDE_OSM_BUILDING_NOT_GPS_GUARANTEE
osm-way-120664229,Cafe Steintormasch,Hannover,In der Steintormasch 5,30167,52.3833476784,9.70861789025,6.1,https://www.openstreetmap.org/way/120664229,CIRCLE_INSIDE_OSM_BUILDING_NOT_GPS_GUARANTEE
osm-way-150864589,Pizzeria La Vita,Salzgitter,Harzstraße 26,38229,52.1215559093,10.4239875964,4.8,https://www.openstreetmap.org/way/150864589,CIRCLE_INSIDE_OSM_BUILDING_NOT_GPS_GUARANTEE
osm-way-244527983,Heinrich’s,Wolfenbüttel,Frankfurter Straße 4,38304,52.166180600000004,10.51834375,8.4,https://www.openstreetmap.org/way/244527983,CIRCLE_INSIDE_OSM_BUILDING_NOT_GPS_GUARANTEE
osm-way-223158464,Gasthaus zur Riete,Celle,Riete 1,29229,52.6495384597,10.058926417399999,3.9,https://www.openstreetmap.org/way/223158464,CIRCLE_INSIDE_OSM_BUILDING_NOT_GPS_GUARANTEE
osm-way-225828516,Königreich Romkerhall,Goslar,Okertal 24,38644,51.8592707717,10.4711084362,6.1,https://www.openstreetmap.org/way/225828516,CIRCLE_INSIDE_OSM_BUILDING_NOT_GPS_GUARANTEE
osm-way-89590030,Tang Dynasty,Gifhorn,Braunschweiger Straße 139b,38518,52.4639528051,10.542489,4.7,https://www.openstreetmap.org/way/89590030,CIRCLE_INSIDE_OSM_BUILDING_NOT_GPS_GUARANTEE
osm-way-87714958,Gliesmaroder Thurm,Braunschweig,Berliner Straße 105,38104,52.2781441136,10.556035328450003,6.0,https://www.openstreetmap.org/way/87714958,CIRCLE_INSIDE_OSM_BUILDING_NOT_GPS_GUARANTEE
osm-way-151688843,Zur Riede,Wolfsburg,Mörser Straße 57,38442,52.3934244968,10.712936045200001,6.6,https://www.openstreetmap.org/way/151688843,CIRCLE_INSIDE_OSM_BUILDING_NOT_GPS_GUARANTEE
osm-way-172231779,Emmis Erbe,Peine,Bürgerhausstraße 3,31226,52.3079601913,10.151423059999999,5.3,https://www.openstreetmap.org/way/172231779,CIRCLE_INSIDE_OSM_BUILDING_NOT_GPS_GUARANTEE
osm-way-188444085,China Restaurant Panda,Hannover,Sutelstraße 46,30659,52.416713807549996,9.79797205245,4.1,https://www.openstreetmap.org/way/188444085,CIRCLE_INSIDE_OSM_BUILDING_NOT_GPS_GUARANTEE
osm-way-93274811,Seeterrasse,Salzgitter,Zum Salzgittersee 48,38226,52.1509387,10.313047749999999,8.9,https://www.openstreetmap.org/way/93274811,CIRCLE_INSIDE_OSM_BUILDING_NOT_GPS_GUARANTEE
osm-way-24249340,Lessinghaus,Wolfenbüttel,Lessingplatz 2,38304,52.1637127448,10.5301120505,2.5,https://www.openstreetmap.org/way/24249340,CIRCLE_INSIDE_OSM_BUILDING_NOT_GPS_GUARANTEE
osm-way-208859358,Hotel-Restaurant Schaperkrug,Celle,Braunschweiger Heerstraße 85,29227,52.5976442723,10.109512550000002,4.9,https://www.openstreetmap.org/way/208859358,CIRCLE_INSIDE_OSM_BUILDING_NOT_GPS_GUARANTEE
osm-way-98777790,Lindenhof Goslar,Goslar,Schützenallee 1,38640,51.90793274475,10.439477212,13.2,https://www.openstreetmap.org/way/98777790,CIRCLE_INSIDE_OSM_BUILDING_NOT_GPS_GUARANTEE
osm-way-211287159,ARAS Lounge,Gifhorn,Braunschweiger Straße 91,38518,52.47196834,10.54350823225,3.1,https://www.openstreetmap.org/way/211287159,CIRCLE_INSIDE_OSM_BUILDING_NOT_GPS_GUARANTEE
osm-way-229497783,IntercityHotel Braunschweig,Braunschweig,Willy-Brandt-Platz 3,38102,52.25410012395,10.541586325,15.3,https://www.openstreetmap.org/way/229497783,CIRCLE_INSIDE_OSM_BUILDING_NOT_GPS_GUARANTEE
osm-way-1021982805,Chris Inn,Wolfsburg,Goethestraße 9a,38440,52.42439396465,10.7781934,4.5,https://www.openstreetmap.org/way/1021982805,CIRCLE_INSIDE_OSM_BUILDING_NOT_GPS_GUARANTEE
osm-way-290855269,Mehrzweckhalle,Peine,Am Berge 15,31224,52.344790587999995,10.287361832750001,8.1,https://www.openstreetmap.org/way/290855269,CIRCLE_INSIDE_OSM_BUILDING_NOT_GPS_GUARANTEE
osm-way-154241787,Clubgaststätte 1897 Linden,Hannover,Stammestraße 106,30459,52.3550791755,9.7261439608,6.3,https://www.openstreetmap.org/way/154241787,CIRCLE_INSIDE_OSM_BUILDING_NOT_GPS_GUARANTEE
osm-way-176279994,Sportheim SC Gitter,Salzgitter,Im Osterfeld 6,38259,52.04296221364999,10.3642726453,3.8,https://www.openstreetmap.org/way/176279994,CIRCLE_INSIDE_OSM_BUILDING_NOT_GPS_GUARANTEE
osm-way-28876081,Lessingtheater Wolfenbüttel,Wolfenbüttel,Lange Straße 16,38300,52.1594304501,10.54041527,13.0,https://www.openstreetmap.org/way/28876081,CIRCLE_INSIDE_OSM_BUILDING_NOT_GPS_GUARANTEE
osm-way-217646165,Landgasthaus Zum Lindenhof,Celle,Gersnethe 29,29229,52.657800425000005,10.135450064199999,11.8,https://www.openstreetmap.org/way/217646165,CIRCLE_INSIDE_OSM_BUILDING_NOT_GPS_GUARANTEE
osm-way-98707525,Maltermeister Turm,Goslar,Rammelsberger Straße 99,38644,51.89171321605,10.424838261,5.1,https://www.openstreetmap.org/way/98707525,CIRCLE_INSIDE_OSM_BUILDING_NOT_GPS_GUARANTEE
osm-way-106300001,Balkan Grillhaus,Gifhorn,Braunschweiger Straße 125,38518,52.4681125535,10.543006404999998,2.4,https://www.openstreetmap.org/way/106300001,CIRCLE_INSIDE_OSM_BUILDING_NOT_GPS_GUARANTEE
osm-way-110852214,Jägerhof,Braunschweig,Volkmarsweg 16,38104,52.285179598599996,10.5884843016,4.0,https://www.openstreetmap.org/way/110852214,CIRCLE_INSIDE_OSM_BUILDING_NOT_GPS_GUARANTEE
osm-way-46011375,Gaststätte Alte Mühle,Wolfsburg,Mühlenweg 5,38448,52.448049600000004,10.844194898000001,2.0,https://www.openstreetmap.org/way/46011375,CIRCLE_INSIDE_OSM_BUILDING_NOT_GPS_GUARANTEE
osm-way-79630947,PTG Werksgasthaus,Peine,Gerhard-Lucas-Meyer-Straße 14,31226,52.3148914944,10.2413478263,9.2,https://www.openstreetmap.org/way/79630947,CIRCLE_INSIDE_OSM_BUILDING_NOT_GPS_GUARANTEE
osm-way-605305883,Culinar,Hannover,Am Großen Garten 3,30419,52.390351780399996,9.6905455234,2.4,https://www.openstreetmap.org/way/605305883,CIRCLE_INSIDE_OSM_BUILDING_NOT_GPS_GUARANTEE
osm-way-175517351,Sportheim TSV Fortuna Salzgitter,Salzgitter,Paracelsusstraße 36,38259,52.0713643,10.37235,2.0,https://www.openstreetmap.org/way/175517351,CIRCLE_INSIDE_OSM_BUILDING_NOT_GPS_GUARANTEE
osm-way-302646256,MTV Club Center Sportbar & Restaurant,Wolfenbüttel,Halberstädter Straße 1b,38300,52.1512994454,10.5512256897,7.1,https://www.openstreetmap.org/way/302646256,CIRCLE_INSIDE_OSM_BUILDING_NOT_GPS_GUARANTEE
osm-way-151611269,Stadtarchiv,Celle,Westerceller Straße 6,29227,52.6038868921,10.076799205799999,5.3,https://www.openstreetmap.org/way/151611269,CIRCLE_INSIDE_OSM_BUILDING_NOT_GPS_GUARANTEE
osm-way-207535630,Monster-Bike Auerhahn,Goslar,Auerhahn 2,38644,51.854720106,10.364744737599999,4.9,https://www.openstreetmap.org/way/207535630,CIRCLE_INSIDE_OSM_BUILDING_NOT_GPS_GUARANTEE
osm-way-147576104,Georgia's Taverne,Gifhorn,Am Sportplatz Eyßelheide 1,38518,52.4688229016,10.540410678049998,2.5,https://www.openstreetmap.org/way/147576104,CIRCLE_INSIDE_OSM_BUILDING_NOT_GPS_GUARANTEE
osm-way-76211911,Ortsbücherei Watenbüttel,Braunschweig,Am Grasplatz 4a,38112,52.305507470349994,10.467191696950001,3.1,https://www.openstreetmap.org/way/76211911,CIRCLE_INSIDE_OSM_BUILDING_NOT_GPS_GUARANTEE
osm-way-166540611,Gaststätte Sonnenschein - bei Otto,Wolfsburg,Heinrich-Nordhoff-Straße 131,38440,52.4247962552,10.7572230722,3.6,https://www.openstreetmap.org/way/166540611,CIRCLE_INSIDE_OSM_BUILDING_NOT_GPS_GUARANTEE
osm-way-46259186,Stadtbücherei Peine,Peine,Winkel 30a,31224,52.3207687,10.22637435,4.2,https://www.openstreetmap.org/way/46259186,CIRCLE_INSIDE_OSM_BUILDING_NOT_GPS_GUARANTEE
osm-way-159114386,Dornröschen,Hannover,In den Kämpen 54,30167,52.37968070150001,9.7035286165,2.8,https://www.openstreetmap.org/way/159114386,CIRCLE_INSIDE_OSM_BUILDING_NOT_GPS_GUARANTEE
osm-way-103029703,Stadtbibliothek Salzgitter-Lebenstedt,Salzgitter,Joachim-Campe-Straße 4,38226,52.1563696966,10.3256148102,10.3,https://www.openstreetmap.org/way/103029703,CIRCLE_INSIDE_OSM_BUILDING_NOT_GPS_GUARANTEE
