key,name,city,street,zip,category,lat,lng,chat_radius_km,boundary_clearance_m,pin_shift_m,source_url,building_source_url,website
osm-node-299530291,Braunschweiger Stadtkind,Braunschweig,Bohlweg 3,38100,14,52.2625906,10.5255198,0.0021000000000000003,5.494176701849591,0.0,https://www.openstreetmap.org/node/299530291,https://www.openstreetmap.org/way/116132607,https://stadtkind-bs.de/
osm-node-696371744,An Nam,Wolfsburg,Willy-Brandt-Platz 8,38440,14,52.4280842,10.7896729,0.0028,6.111631657275394,0.0,https://www.openstreetmap.org/node/696371744,https://www.openstreetmap.org/way/25100877,https://an-nam.net
osm-node-293399026,Hemingway,Peine,Am Markt 21,31224,14,52.323084,10.2260709,0.0026,5.995250798840591,0.0,https://www.openstreetmap.org/node/293399026,https://www.openstreetmap.org/way/286337013,https://www.hemingway-peine.com/
osm-node-4756278498,Aristoteles,Hannover,Vahrenwalder Straße 24,30165,14,52.3875195,9.7345628,0.0021000000000000003,5.495862379955905,0.0,https://www.openstreetmap.org/node/4756278498,https://www.openstreetmap.org/way/709344720,http://www.aristoteles-hannover.de/
osm-node-264136726,Die Insel,Hildesheim,Dammstraße 30,31134,14,52.1501232,9.9408191,0.0033,6.688038143544672,0.0,https://www.openstreetmap.org/node/264136726,https://www.openstreetmap.org/way/204891293,https://www.die-insel-hildesheim.de/
osm-node-441937680,China Garden,Salzgitter,Berliner Straße 144,38226,14,52.1616483,10.3363808,0.0052,8.540877576214067,0.0,https://www.openstreetmap.org/node/441937680,https://www.openstreetmap.org/way/608885212,https://www.chinagarden-salzgitter.de/
osm-node-309906984,Hotel Forsthaus,Wolfenbüttel,Neuer Weg 5,38302,14,52.1686766,10.542079,0.0025,5.860967824114143,0.0,https://www.openstreetmap.org/node/309906984,https://www.openstreetmap.org/way/559182593,https://www.hotel-forsthaus.net/
osm-node-294226984,Allerkrug,Celle,Alte Dorfstraße 14,29227,14,52.6050801,10.1206469,0.004200000000000001,7.528428164164494,0.0,https://www.openstreetmap.org/node/294226984,https://www.openstreetmap.org/way/151923469,https://www.allerkrug.de/
osm-node-940676287,Lesewelt Oker e.V.,Goslar,Talstraße 3,38642,16,51.8996349,10.4822568,0.0039,7.293905216392239,0.0,https://www.openstreetmap.org/node/940676287,https://www.openstreetmap.org/way/246848129,https://leseweltoker.de/
osm-node-260472134,Stadtbücherei,Helmstedt,Stobenstraße 31,38350,16,52.2297221,11.0071608,0.006900000000000001,10.214602542557596,0.0,https://www.openstreetmap.org/node/260472134,https://www.openstreetmap.org/way/142252799,https://www.stadt-helmstedt.de/bildung/buecherei.html
osm-node-3618281370,L'Osteria,Gifhorn,Steinweg 5,38518,14,52.4876177,10.5461072,0.0022,5.5345583217825505,0.0,https://www.openstreetmap.org/node/3618281370,https://www.openstreetmap.org/way/152427620,https://losteria-gifhorn.de
osm-node-7152254653,Bergcafé,Königslutter am Elm,Vor dem Kaiserdom 10A,38154,5,52.2433711,10.8107661,0.0029,6.289501975260175,0.0,https://www.openstreetmap.org/node/7152254653,https://www.openstreetmap.org/way/142777556,https://www.awo-psychiatriezentrum.de/patienteninformationen/angehoerige-und-besucher/besucherinformationen/
osm-node-940735501,Kleifeldstuben,Lehrte,Im Kleifeld 15,31275,14,52.359966,9.9091187,0.0027,6.011857892838182,0.0,https://www.openstreetmap.org/node/940735501,https://www.openstreetmap.org/way/87800307,https://kleifeldstuben-tsg.eatbu.com/?lang=de
osm-node-3210112071,Das Kult,Braunschweig,Hamburger Straße 273c,38114,12,52.2788015,10.5233341,0.0128,16.12512919644796,0.0,https://www.openstreetmap.org/node/3210112071,https://www.openstreetmap.org/way/121071194,https://www.daskult-theater.de/
osm-node-4443425877,Hazienda El Toro Steakhouse,Wolfsburg,Neuhäuser Straße 17,38448,14,52.4316864,10.8480907,0.0021000000000000003,5.41604628179066,0.0,https://www.openstreetmap.org/node/4443425877,https://www.openstreetmap.org/way/44041060,http://www.hacienda-wolfsburg.de
osm-node-9672133811,Wok Garden,Peine,Alfred-Siems-Straße 10,31228,14,52.3379241,10.1915676,0.006,9.370965383912928,0.0,https://www.openstreetmap.org/node/9672133811,https://www.openstreetmap.org/way/47042168,https://wokgarden.de/china-restaurant-peine
osm-node-12393840445,Benatis,Hannover,Podbielskistraße 240,30655,14,52.4001073,9.785285,0.0023,5.671735896703258,0.0,https://www.openstreetmap.org/node/12393840445,https://www.openstreetmap.org/way/535585369,https://www.sc-schwarz-gold.de/vereinsheim.html
osm-node-3450010602,McCafé,Hildesheim,Bavenstedter Straße 48,31135,5,52.1645894,9.9657486,0.0027,6.025361408924908,0.0,https://www.openstreetmap.org/node/3450010602,https://www.openstreetmap.org/way/130037046,
osm-node-310662005,Osterlinder Landcafe,Salzgitter,Osterlinder Straße 31,38228,5,52.1276702,10.2514578,0.0026,5.928045807678395,0.0,https://www.openstreetmap.org/node/310662005,https://www.openstreetmap.org/way/95425047,https://www.osterlinder-landcafe.de/
osm-node-304561670,Hotel Waldhaus,Wolfenbüttel,Adersheimer Straße 75,38304,14,52.1554482,10.5082453,0.003,6.332460248276878,0.0,https://www.openstreetmap.org/node/304561670,https://www.openstreetmap.org/way/520377160,https://www.waldhaus-wolfenbuettel.de/
osm-node-2529688841,Museums-Café Baxmann,Celle,An der Stadtkirche 1,29221,5,52.6240728,10.080378,0.0022,5.505322579205289,0.0,https://www.openstreetmap.org/node/2529688841,https://www.openstreetmap.org/way/126270741,https://www.konditorei-baxmann.de/
osm-node-321656754,Restaurant „Zur Eiche“ by Syrtaki,Goslar,Grubenweg 1,38644,14,51.9573346,10.4344007,0.0039,7.241445731370481,0.0,https://www.openstreetmap.org/node/321656754,https://www.openstreetmap.org/way/630896365,http://syrtaki-hahndorf.de/
osm-node-2561084991,Pferdestall,Helmstedt,Am Ludgerihof 5,38350,5,52.2256407,11.0153173,0.0046,7.919210454237371,0.0,https://www.openstreetmap.org/node/2561084991,https://www.openstreetmap.org/way/29157654,
osm-node-8926232699,Pick Nick,Gifhorn,Steinweg 56-58,38518,5,52.4849445,10.5468524,0.0022,5.563026975695976,0.0,https://www.openstreetmap.org/node/8926232699,https://www.openstreetmap.org/way/151968283,https://www.modenhaus-becker.de/gastronomie-picknick/
osm-node-363778528,Langner,Königslutter am Elm,Braunschweiger Straße 22c,38154,5,52.255915,10.8025759,0.0073,10.680487190724538,0.0,https://www.openstreetmap.org/node/363778528,https://www.openstreetmap.org/way/252893578,https://www.facebook.com/profile.php?id=100063571360576
osm-node-2525786459,Rodino's Erlebnisgastronomie,Lehrte,Sternstraße 16,31275,14,52.3543443,10.1118041,0.002,5.3676103364829855,0.0,https://www.openstreetmap.org/node/2525786459,https://www.openstreetmap.org/way/183899323,
osm-node-348233689,Gastwerk,Braunschweig,Mittelweg 7,38106,14,52.2784715,10.5249662,0.0029,6.22538350696009,0.0,https://www.openstreetmap.org/node/348233689,https://www.openstreetmap.org/way/31300591,https://www.gastwerk.net/
osm-node-3652337825,Neue Welt,Wolfsburg,Herzogin-Clara-Straße 34,38442,14,52.4100425,10.7176746,0.0044,7.740297327542394,0.0,https://www.openstreetmap.org/node/3652337825,https://www.openstreetmap.org/way/25814118,https://wobneuewelt.de/
osm-node-299312713,Center Court,Peine,Sundernstraße 55,31224,14,52.3349421,10.221127,0.0096,12.982564507585035,0.0,https://www.openstreetmap.org/node/299312713,https://www.openstreetmap.org/way/538313146,
osm-node-5036180753,Bibliothek des Landgerichts Hannover,Hannover,Volgersweg 67,30175,16,52.3776021,9.7455234,0.0036,6.946700604767566,0.0,https://www.openstreetmap.org/node/5036180753,https://www.openstreetmap.org/way/576023069,https://www.landgericht-hannover.niedersachsen.de/gericht/bibliothek/die-bibliothek-58767.html
osm-node-859535878,Palmeras,Hildesheim,Marie-Wagenknecht-Straße 1,31134,14,52.1577286,9.9503907,0.0089,12.201555999223833,0.0,https://www.openstreetmap.org/node/859535878,https://www.openstreetmap.org/way/50033806,
osm-node-6531807247,Bibliothek Ostfalia Hochschule,Salzgitter,Karl-Scharfenberg-Straße 50,38229,16,52.08965,10.3785609,0.0038,7.1580561255051505,0.0,https://www.openstreetmap.org/node/6531807247,https://www.openstreetmap.org/way/175009539,
osm-node-315506607,Odysseus,Wolfenbüttel,Harzburger Straße 23,38304,14,52.1437915,10.5480982,0.003,6.337308320251019,0.0,https://www.openstreetmap.org/node/315506607,https://www.openstreetmap.org/way/513130671,http://www.odysseus-restaurant.de
osm-node-12183840706,FRANZ - Restaurant & Weinbar,Celle,Langensalzaplatz 1,29221,14,52.6191841,10.082763,0.0023,5.699531932348377,0.0,https://www.openstreetmap.org/node/12183840706,https://www.openstreetmap.org/way/94860247,
osm-node-10921288933,Schiefer,Goslar,Markt 6,38640,14,51.9059337,10.4296021,0.0028,6.110613264961646,0.0,https://www.openstreetmap.org/node/10921288933,https://www.openstreetmap.org/way/135969998,https://www.gastrourban.de/essen-trinken/schiefer
osm-node-8869914901,Cafe Mitte,Helmstedt,Südertor 12,38350,5,52.22497008125,11.011219866249998,0.005,8.303928752040788,6.666550905985827,https://www.openstreetmap.org/node/8869914901,https://www.openstreetmap.org/way/143286698,https://www.cafemitte-he.de/
osm-node-1540733194,ANNA,Gifhorn,Eyßelheideweg 1-7,38518,14,52.4615012,10.5371579,0.009800000000000001,13.10291997029529,0.0,https://www.openstreetmap.org/node/1540733194,https://www.openstreetmap.org/way/27284976,
osm-node-4792062773,Café Zuckersüss,Königslutter am Elm,Bahnhofstraße 2,38154,5,52.252071220000005,10.8168526631,0.0028,6.169564796226411,4.412834931364724,https://www.openstreetmap.org/node/4792062773,https://www.openstreetmap.org/way/370617171,https://www.zuckersuess.coffee/
osm-node-1369983462,Mr.P,Lehrte,Friedrichstraße 5,31275,14,52.37805952,9.975581752,0.0034,6.757094702760637,3.140492334157226,https://www.openstreetmap.org/node/1369983462,https://www.openstreetmap.org/way/1475556986,
osm-node-5236655244,Harrys Weinladen,Braunschweig,Langer Hof 8,38100,14,52.2638727,10.5252953,0.0023,5.630536089790537,0.0,https://www.openstreetmap.org/node/5236655244,https://www.openstreetmap.org/way/116132627,https://harrys-weinladen.de/
osm-node-266021857,Gasthaus Alter Wolf,Wolfsburg,Schloßstraße 21,38448,14,52.440923,10.80156,0.0027,6.053372154735465,0.0,https://www.openstreetmap.org/node/266021857,https://www.openstreetmap.org/way/269569403,
osm-node-13595947508,DANIELS,Peine,Lindenstraße 7,31224,5,52.3200851,10.228368,0.0057,9.06839302845273,0.0,https://www.openstreetmap.org/node/13595947508,https://www.openstreetmap.org/way/1081189978,
osm-node-8261473142,Bohoo,Hannover,Arndtstraße 1,30167,14,52.3815099,9.7271925,0.004,7.3528220898163195,0.0,https://www.openstreetmap.org/node/8261473142,https://www.openstreetmap.org/way/141008497,https://cafebohoo.de/
osm-node-1351713514,VfV Gaststätte - Zum Sportpark,Hildesheim,An der Pottkuhle 1,31139,14,52.1348281,9.9495822,0.0024,5.72998553306656,0.0,https://www.openstreetmap.org/node/1351713514,https://www.openstreetmap.org/way/263208542,
osm-node-456152795,Gaststätte Fortuna,Salzgitter,Pappeldamm 85a,38239,4,52.1891917,10.4585382,0.0062,9.526227393170581,0.0,https://www.openstreetmap.org/node/456152795,https://www.openstreetmap.org/way/145221358,
osm-node-13529628971,Asmin Holzkohlegrill Restaurant,Wolfenbüttel,Leipziger Straße 8a,38300,14,52.1624982,10.5558932,0.0024,5.7786469479941225,0.0,https://www.openstreetmap.org/node/13529628971,https://www.openstreetmap.org/way/218660037,
osm-node-10560262317,Thaers Wirtshaus,Celle,Thaerplatz 1,29221,14,52.621508,10.0769174,0.0038,7.102095700169519,0.0,https://www.openstreetmap.org/node/10560262317,https://www.openstreetmap.org/way/98483275,
osm-node-11522859869,Trefferia,Goslar,Carl-Zeiß-Straße 7,38644,14,51.9333293,10.4103607,0.017,20.383615563527247,0.0,https://www.openstreetmap.org/node/11522859869,https://www.openstreetmap.org/way/291627099,https://www.globus-baumarkt.de/info/markt/goslar/gastronomie/
osm-node-1564295550,Pizza Garten,Helmstedt,Conringstraße 31,38350,14,52.23114225175,11.001879439599998,0.0043,7.69555254327026,8.486869884519312,https://www.openstreetmap.org/node/1564295550,https://www.openstreetmap.org/way/142933937,https://www.pizzasgarten-helmstedt.de/
osm-node-5933606151,Café Noon,Gifhorn,Sonnenweg 1b,38518,5,52.4691878,10.5431506,0.002,5.384703673846367,0.0,https://www.openstreetmap.org/node/5933606151,https://www.openstreetmap.org/way/106299997,
osm-node-1911567253,Café-Restaurant BriSand,Königslutter am Elm,Amtsgarten 3,38154,5,52.2505335,10.8203119,0.005,8.316847512012451,4.791154325006877,https://www.openstreetmap.org/node/1911567253,https://www.openstreetmap.org/way/241765877,http://www.brisand.eu/
osm-node-2616639670,San Lorenzo gelati e cucina,Lehrte,Kampstraße 2,31275,14,52.370117682650005,10.1322073035,0.0023,5.617197245310991,2.16482278097819,https://www.openstreetmap.org/node/2616639670,https://www.openstreetmap.org/way/95423561,
osm-node-1695895524,Il Capriccio,Braunschweig,Rautheimer Straße 1,38126,14,52.2487273,10.5672323,0.002,5.375000290386198,0.0,https://www.openstreetmap.org/node/1695895524,https://www.openstreetmap.org/way/157370519,https://il-capriccio.de/
osm-node-287614592,Mongus Garden,Wolfsburg,Heinenkamp 18b,38444,14,52.3725127,10.7425461,0.0029,6.20018725262781,0.0,https://www.openstreetmap.org/node/287614592,https://www.openstreetmap.org/way/352347921,
osm-node-6577210744,McCafé,Peine,Dieselstraße 8b,31228,5,52.3377703,10.2447773,0.0028,6.120100621398861,0.0,https://www.openstreetmap.org/node/6577210744,https://www.openstreetmap.org/way/27283698,
osm-node-1051484409,Butschies Bistro am Maschsee,Hannover,Karl-Thiele-Weg 21,30169,14,52.3539434,9.7398744,0.009,12.377606618869278,0.0,https://www.openstreetmap.org/node/1051484409,https://www.openstreetmap.org/way/87197773,https://butschies-bistro.de/hannover-maschsee/bistro/
osm-node-13556245905,Café Frida,Hildesheim,Dingworthstraße 22,31137,5,52.15007545405,9.929858174,0.0024,5.772072029614047,7.855864614198108,https://www.openstreetmap.org/node/13556245905,https://www.openstreetmap.org/way/197688811,https://www.cafe-frida.
osm-node-4250229689,Hotel-Gasthof Keune,Salzgitter,Weddemweg 4,38229,14,52.1065737,10.3571831,0.0026,5.945036048260029,0.0,https://www.openstreetmap.org/node/4250229689,https://www.openstreetmap.org/way/141183225,
osm-node-13786850749,Bistro Canape,Wolfenbüttel,Hüttenblick 4,38304,5,52.1428375,10.456767,0.0085,11.821350144304345,0.0,https://www.openstreetmap.org/node/13786850749,https://www.openstreetmap.org/way/96081644,
osm-node-4434343205,M-One,Celle,Großer Plan 11,29221,14,52.622447869199995,10.081080661849999,0.0024,5.791623227930218,3.562509511289704,https://www.openstreetmap.org/node/4434343205,https://www.openstreetmap.org/way/127047658,http://www.m-one.cc/
osm-node-10924035657,Walpurgishof,Goslar,Am Bocksberg 1,38644,14,51.8578196,10.3406041,0.0022,5.510679250660578,0.0,https://www.openstreetmap.org/node/10924035657,https://www.openstreetmap.org/way/277180082,https://www.walpurgishof.de/
osm-node-679446834,Eiscafé Venezia,Helmstedt,Neumärker Straße 10,38350,5,52.2278140287,11.0073205781,0.0029,6.213418490863671,5.031349221257996,https://www.openstreetmap.org/node/679446834,https://www.openstreetmap.org/way/142882554,
osm-node-232513086,Restaurant TC Grün-Weiß-Gifhorn,Gifhorn,Knickwall 6b,38518,14,52.4861255,10.5412333,0.0053,8.633650797383149,0.0,https://www.openstreetmap.org/node/232513086,https://www.openstreetmap.org/way/137651833,
osm-node-2394376806,Il mulino - Herrenmühle,Königslutter am Elm,Lutterstraße 12,38154,14,52.24906220925,10.81908890185,0.0036,6.941960003170711,4.1306996811486645,https://www.openstreetmap.org/node/2394376806,https://www.openstreetmap.org/way/241765737,https://www.herrenmuehle-ilmulino.de/
osm-node-12272570974,Schönes & Café am Markt,Lehrte,Marktstraße 13,31275,5,52.373011088400006,9.9791272049,0.0031,6.479583327749548,5.593333176360048,https://www.openstreetmap.org/node/12272570974,https://www.openstreetmap.org/way/252276858,
osm-node-9046048393,Jimmy’s Steakhouse,Braunschweig,Mittelweg 91,38106,14,52.2767312,10.5260936,0.0029,6.221133194446478,0.0,https://www.openstreetmap.org/node/9046048393,https://www.openstreetmap.org/way/47456784,https://www.instagram.com/steakhousejimmys
osm-node-5739484724,Pizzeria Napoli,Wolfsburg,Brandgehaege 9,38444,14,52.370346,10.7257187,0.0048,8.149459084551847,0.0,https://www.openstreetmap.org/node/5739484724,https://www.openstreetmap.org/way/148204379,
osm-node-11148531460,Rausch Schokoland,Peine,Wilhelm-Rausch-Straße 12,31228,5,52.3399361,10.2472571,0.0033,6.616412910003674,0.0,https://www.openstreetmap.org/node/11148531460,https://www.openstreetmap.org/way/1202577648,
osm-node-253238389,Das Ding,Hannover,Wöhlerstraße 34,30163,14,52.3971196,9.7494075,0.003,6.339085301470326,0.0,https://www.openstreetmap.org/node/253238389,https://www.openstreetmap.org/way/188746504,https://www.dasding-restaurant.de
osm-node-677909318,Mobbi Dick,Hildesheim,Kurzer Hagen 4,31134,14,52.15299895,9.949364200000002,0.0023,5.698667677566074,3.417641193593173,https://www.openstreetmap.org/node/677909318,https://www.openstreetmap.org/way/93469814,http://www.mobbidick.de/
osm-node-129969302,Landgasthaus Engelnstedt,Salzgitter,Vallstedter Straße 13,38229,14,52.1694493,10.3543165,0.0055,8.835080831329677,0.0,https://www.openstreetmap.org/node/129969302,https://www.openstreetmap.org/way/125083856,
osm-node-304565041,Pizzeria Ristorante Cristallo,Wolfenbüttel,Goslarsche Straße 14,38304,14,52.1624511,10.5230713,0.0044,7.702668350983943,0.0,https://www.openstreetmap.org/node/304565041,https://www.openstreetmap.org/way/28836881,
osm-node-2529311343,Weinkeller Postmeister von Hinüber,Celle,Zöllnerstraße 25,29221,14,52.624502337500005,10.085036529,0.0022,5.522390533222798,4.036758038456316,https://www.openstreetmap.org/node/2529311343,https://www.openstreetmap.org/way/126508652,https://weinkeller-celle.de/
osm-node-1700805111,Down Under,Goslar,Carl-Zeiß-Straße 1,38644,14,51.9330401,10.407959,0.0046,7.94349770043604,0.0,https://www.openstreetmap.org/node/1700805111,https://www.openstreetmap.org/way/74182519,
osm-node-619072737,Hallenbad Restaurant,Helmstedt,Stobenstraße 35,38350,14,52.2290454146,11.0066188995,0.0028,6.10969375248885,4.00453956001859,https://www.openstreetmap.org/node/619072737,https://www.openstreetmap.org/way/27011594,
osm-node-8335030486,Ocakbasi Grill,Gifhorn,Braunschweiger Straße 137e,38518,14,52.465041946,10.542646221,0.0023,5.627276567178105,8.229336328018267,https://www.openstreetmap.org/node/8335030486,https://www.openstreetmap.org/way/210108440,https://ocakbasi-gifhorn.de
osm-node-3655755232,Kammerlichtspiele Königslutter,Königslutter am Elm,Braunschweiger Straße 36,38154,12,52.2528798024,10.8123132039,0.0056,8.92392623432869,6.436401555696773,https://www.openstreetmap.org/node/3655755232,https://www.openstreetmap.org/way/370613353,https://www.kammerlichtspiele-koenigslutter.de/
osm-node-448138789,Taverne i spilia,Lehrte,Barnstorfplatz 3,31275,14,52.365056760799995,9.9114811514,0.0023,5.656002286520085,3.7557582809777443,https://www.openstreetmap.org/node/448138789,https://www.openstreetmap.org/way/240546045,
osm-node-345828654,Shanta's Kitchen,Braunschweig,Schöppenstedter Straße 32,38100,14,52.2679331,10.5287403,0.0021000000000000003,5.499671544406872,0.0,https://www.openstreetmap.org/node/345828654,https://www.openstreetmap.org/way/89453274,https://shanta-braunschweig.de
osm-node-344277447,Schützenhaus Vorsfelde,Wolfsburg,Meinstraße 86,38448,14,52.4451695,10.8445695,0.010199999999999999,13.59429342443815,0.0,https://www.openstreetmap.org/node/344277447,https://www.openstreetmap.org/way/31128763,
osm-node-13585059416,Taormina,Peine,Marktstraße 7,31224,14,52.324304597499996,10.2270099696,0.0044,7.784799584516983,5.294727626432363,https://www.openstreetmap.org/node/13585059416,https://www.openstreetmap.org/way/478979770,https://taormina-peine.de/
osm-node-998020244,Fasanenkrug,Hannover,Burgwedeler Straße 30,30657,14,52.4318337,9.8007098,0.0028,6.166087444509785,0.0,https://www.openstreetmap.org/node/998020244,https://www.openstreetmap.org/way/188339748,https://www.restaurant-fasanenkrug.de/
osm-node-3920678657,Pans Kitchen,Hildesheim,Scheelenstraße 1,31134,14,52.15219162145,9.9535117908,0.0021000000000000003,5.409442497537267,6.548727838390784,https://www.openstreetmap.org/node/3920678657,https://www.openstreetmap.org/way/201333135,https://panskitchen-hildesheim.com/
osm-node-450164445,Plaka II,Salzgitter,Westfalenstraße 42,38226,14,52.1640975,10.3126988,0.0028,6.192306174356354,0.0,https://www.openstreetmap.org/node/450164445,https://www.openstreetmap.org/way/203540162,
osm-node-3460383617,Basilico,Wolfenbüttel,Am Buschkopf 52,38300,14,52.1460737491,10.56520216745,0.0045,7.811651513024819,5.378808331369188,https://www.openstreetmap.org/node/3460383617,https://www.openstreetmap.org/way/97413735,https://hotel-gaestehaus-linden.de/restaurant/
osm-node-3920395030,Allertal-Café,Celle,Fuhrberger Straße 217,29225,5,52.6074111029,10.0285944141,0.0036,6.949629498915194,5.801379122728455,https://www.openstreetmap.org/node/3920395030,https://www.openstreetmap.org/way/158532776,
osm-node-11218186437,Veranda,Goslar,Im Schleeke 2,38640,14,51.9150167,10.4512271,0.0040999999999999995,7.4906195866639536,0.0,https://www.openstreetmap.org/node/11218186437,https://www.openstreetmap.org/way/74188951,
osm-node-1137585768,Italia,Helmstedt,Papenberg 4,38350,14,52.2272590352,11.011351924,0.0021000000000000003,5.415819603512639,0.34637467637457203,https://www.openstreetmap.org/node/1137585768,https://www.openstreetmap.org/way/143200916,
osm-node-289790639,Pizza Ponti,Gifhorn,Calberlaher Damm 14,38518,14,52.4791885,10.55198115,0.0026,5.946846554037378,4.2245773716264985,https://www.openstreetmap.org/node/289790639,https://www.openstreetmap.org/way/269131836,https://www.pizzaponti.de
osm-node-670501894,Zum weißen Roß,Lehrte,Zum Großen Freien 9,31275,14,52.3649435388,9.90940188795,0.003,6.347286116023105,8.948961330628443,https://www.openstreetmap.org/node/670501894,https://www.openstreetmap.org/way/240184672,
osm-node-1515106042,Urfa,Braunschweig,Friedrich-Wilhelm-Straße 24,38100,14,52.2613567,10.5232149,0.0035,6.830483065599008,0.0,https://www.openstreetmap.org/node/1515106042,https://www.openstreetmap.org/way/129113797,http://urfa-braunschweig.de/
osm-node-10678397546,Vida Loca,Wolfsburg,Heinenkamp 4,38444,14,52.3698186,10.740383,0.004900000000000001,8.256640155886885,0.0,https://www.openstreetmap.org/node/10678397546,https://www.openstreetmap.org/way/29000866,
osm-node-501855397,"Bäckerei und Cafe ""Am Bahnhof""",Peine,Unter dem Spring 1,31228,5,52.338862929,10.17677764835,0.0021000000000000003,5.467584459428179,3.7182680995794444,https://www.openstreetmap.org/node/501855397,https://www.openstreetmap.org/way/529484648,
osm-node-9876651900,Finca Hannover,Hannover,Inge-Machts-Weg 2,30169,14,52.3559895,9.7316914,0.0024,5.798601106804018,0.0,https://www.openstreetmap.org/node/9876651900,https://www.openstreetmap.org/way/192215518,https://www.finca-hannover.de/
osm-node-1439724955,"Ristorante ""Alte Münze""",Hildesheim,Andreasplatz 16,31134,14,52.151577399999994,9.9490752,0.0027,6.049478412029316,3.429962554117107,https://www.openstreetmap.org/node/1439724955,https://www.openstreetmap.org/way/93442239,https://www.alte-muenze-hildesheim.de/
osm-node-1435011845,Sevens Cafe Lounge,Salzgitter,Heckenstraße 10,38226,5,52.1486762,10.3250567,0.0025,5.832599577842592,0.0,https://www.openstreetmap.org/node/1435011845,https://www.openstreetmap.org/way/130208099,
osm-node-314387513,Da Giovanni,Wolfenbüttel,Harzstraße 20,38300,14,52.1609631711,10.5376065703,0.0038,7.169393849418306,2.836575302415108,https://www.openstreetmap.org/node/314387513,https://www.openstreetmap.org/way/394372597,https://www.da-gio.de/
osm-node-3918916247,Fadi´s Kebab,Celle,Fuhrberger Landstraße 30,29225,14,52.6052853953,10.0209604758,0.0037,7.017885595566242,7.3892433342658235,https://www.openstreetmap.org/node/3918916247,https://www.openstreetmap.org/way/106634113,
osm-node-11494509910,1894 Bistro & Bar,Goslar,Rathausstraße 8,38644,14,51.85975002000001,10.340750798599998,0.004200000000000001,7.598650751616306,4.321778352946841,https://www.openstreetmap.org/node/11494509910,https://www.openstreetmap.org/way/749627963,https://www.1894bistrobar.de/
osm-node-1578172983,Meisterbäckerei Steinecke,Helmstedt,Neumärker Straße 24,38350,5,52.22762915,11.00675644705,0.002,5.371199675473143,4.767324512938754,https://www.openstreetmap.org/node/1578172983,https://www.openstreetmap.org/way/141871442,
